Reseller Top Parent Name;OrgID;Org als Text;Unique Name (Masterlist)
Saturn Elektro-Handels-GmbH;6075353;6075353; Saturn Köln-Weiden
Media Markt GmbH;3935357;3935357;Fil. Media Markt Würzburg City
FNAC (Suisse) SA;57094842;57094842;Fnac Allaman
FNAC (Suisse) SA;11064427;11064427;FNAC Balexert
FNAC (Suisse) SA;82204727;82204727;FNAC Biel
FNAC (Suisse) SA;82204786;82204786;FNAC Chavannes
FNAC (Suisse) SA;35548463;35548463;FNAC Conthey
Media Markt GmbH;44195044;44195044;Media Markt Bornheim
Media Markt GmbH;13948451;13948451;Media Markt Brandenburg 
Media Markt GmbH;3935319;3935319;Media Markt Braunschweig
FNAC (Suisse) SA;57597641;57597641;FNAC Conthey
FNAC (Suisse) SA;57094829;57094829;FNAC Conthey
FNAC (Suisse) SA;62205566;62205566;FNAC Eaux-Vives
FNAC (Suisse) SA;56927800;56927800;FNAC Firbourg
FNAC (Suisse) SA;35548461;35548461;FNAC Firbourg
FNAC (Suisse) SA;74035370;74035370;FNAC Firbourg
FNAC (Suisse) SA;74035368;74035368;FNAC Genf Rue de Rive
FNAC (Suisse) SA;15225168;15225168;FNAC Genf Rue de Rive
FNAC (Suisse) SA;11064429;11064429;FNAC Lausanne
FNAC (Suisse) SA;74035369;74035369;FNAC Lausanne
FNAC (Suisse) SA;82204687;82204687;FNAC Monthey
FNAC (Suisse) SA;57094843;57094843;Fnac Montreux
FNAC (Suisse) SA;57597642;57597642;FNAC Neuenburg
Interdiscount Division der Coop Basel;34799488;34799488;Interdiscount - La Maladière XXL
Interdiscount Division der Coop Basel;34799509;34799509;Interdiscount -  Neuchâtel Ville
FNAC (Suisse) SA;57094844;57094844;FNAC Neuenburg
FNAC (Suisse) SA;38358357;38358357;FNAC Neuenburg
FNAC (Suisse) SA;62174566;62174566;FNAC Online
FNAC (Suisse) SA;9561597;9561597;FNAC Vernier
FNAC (Suisse) SA;82648342;82648342;FNAC Vesenaz
Interdiscount Division der Coop Basel;3855463;3855463;Interdiscount - Aarau XXL
Interdiscount Division der Coop Basel;51586111;51586111;Interdiscount - Adliswil
Interdiscount Division der Coop Basel;10761361;10761361;Interdiscount - Affoltern
Interdiscount Division der Coop Basel;1366712;1366712;Interdiscount - Allaman
Interdiscount Division der Coop Basel;45082724;45082724;Interdiscount - Allman Coop@Home
Interdiscount Division der Coop Basel;18202568;18202568;Interdiscount - Allschwil
Interdiscount Division der Coop Basel;5019062;5019062;Interdiscount - Altdorf
Interdiscount Division der Coop Basel;5019108;5019108;Interdiscount - Amriswil
Interdiscount Division der Coop Basel;5019138;5019138;Interdiscount - Arbon 
Interdiscount Division der Coop Basel;15390361;15390361;Interdiscount - Baar Gotthard
Interdiscount Division der Coop Basel;34799500;34799500;Interdiscount - Bachenbülach
Interdiscount Division der Coop Basel;4754988;4754988;Interdiscount - Baden West
Interdiscount Division der Coop Basel;5018960;5018960;Interdiscount - Basel Aeschen
Interdiscount Division der Coop Basel;5019114;5019114;Interdiscount - Basel Gundeli
Interdiscount Division der Coop Basel;34789595;34789595;Interdiscount - Basel Märthof
Interdiscount Division der Coop Basel;44989006;44989006;Interdiscount - Basel St. Jakob
Interdiscount Division der Coop Basel;5238213;5238213;Interdiscount - Basel Webergasse
Interdiscount Division der Coop Basel;7330275;7330275;Interdiscount - Bassecourt
Interdiscount Division der Coop Basel;5019086;5019086;Interdiscount - Bellinzona
Interdiscount Division der Coop Basel;34788641;34788641;Interdiscount - Bern Aarberger
Interdiscount Division der Coop Basel;34788728;34788728;Interdiscount - Bern Bahnhof
Interdiscount Division der Coop Basel;34788788;34788788;Interdiscount - Bern Bethlehem
Interdiscount Division der Coop Basel;47248690;47248690;Interdiscount - Bern Bubenbergplatz
Interdiscount Division der Coop Basel;38944408;38944408;Interdiscount - Bern Bubenbergplatz
Interdiscount Division der Coop Basel;34799496;34799496;Interdiscount - Bern Bümpliz
Interdiscount Division der Coop Basel;45082725;45082725;Interdiscount - Bern Ryfflihof
Interdiscount Division der Coop Basel;34788621;34788621;Interdiscount - Bern Waisenhausplatz
Interdiscount Division der Coop Basel;34788538;34788538;Interdiscount - Bern Wankdorf XXL
Interdiscount Division der Coop Basel;34788643;34788643;Interdiscount - Biel Bahnhof
Interdiscount Division der Coop Basel;34788723;34788723;Interdiscount - Biel Centre Bahnhof
Interdiscount Division der Coop Basel;34799497;34799497;Interdiscount - Biel Collègegasse
Interdiscount Division der Coop Basel;47248689;47248689;Interdiscount - Biel Coop City
Interdiscount Division der Coop Basel;44989007;44989007;Interdiscount - Biel Coop City
Interdiscount Division der Coop Basel;34788594;34788594;Interdiscount - Biel XXL
Interdiscount Division der Coop Basel;34788588;34788588;Interdiscount - Brig
Interdiscount Division der Coop Basel;5019150;5019150;Interdiscount - Brugg Neumarkt 2
Interdiscount Division der Coop Basel;34788653;34788653;Interdiscount - Buchs
Interdiscount Division der Coop Basel;34799503;34799503;Interdiscount - Bülach
Interdiscount Division der Coop Basel;5018969;5018969;Interdiscount - Bulle Le Câro
Interdiscount Division der Coop Basel;14780184;14780184;Interdiscount - Bulle Riaz
Interdiscount Division der Coop Basel;7789663;7789663;Interdiscount - Burgdorf
Interdiscount Division der Coop Basel;34788635;34788635;Interdiscount - Canobbio-Lugano
Interdiscount Division der Coop Basel;14033073;14033073;Interdiscount - Cham
Interdiscount Division der Coop Basel;16764181;16764181;Interdiscount - Chur City West XXL
Interdiscount Division der Coop Basel;5019106;5019106;Interdiscount - Chur Quader
Interdiscount Division der Coop Basel;13634181;13634181;Interdiscount - Conthey
Interdiscount Division der Coop Basel;10129533;10129533;Interdiscount - Crissier XXL
Interdiscount Division der Coop Basel;34799495;34799495;Interdiscount - Dättwil
Interdiscount Division der Coop Basel;34788752;34788752;Interdiscount - Davos
Interdiscount Division der Coop Basel;34799501;34799501;Interdiscount - Delémont
Interdiscount Division der Coop Basel;12707586;12707586;Interdiscount - Dietlikon
Interdiscount Division der Coop Basel;5019142;5019142;Interdiscount - Ecublens
Interdiscount Division der Coop Basel;5238204;5238204;Interdiscount - Egerkingen XXL
Interdiscount Division der Coop Basel;34788521;34788521;Interdiscount - Emmen
Interdiscount Division der Coop Basel;23458776;23458776;Interdiscount - E-Shop
Interdiscount Division der Coop Basel;50699278;50699278;Interdiscount - Feuerthalen
Interdiscount Division der Coop Basel;5019090;5019090;Interdiscount - Frauenfeld EKZ Passage
Interdiscount Division der Coop Basel;5238185;5238185;Interdiscount - Frauenfeld Thurgi-Park
Interdiscount Division der Coop Basel;34788571;34788571;Interdiscount - Fribourg
Interdiscount Division der Coop Basel;38207620;38207620;Interdiscount - Frick
Interdiscount Division der Coop Basel;34799489;34799489;Interdiscount - Genève Aéroport
Interdiscount Division der Coop Basel;34799506;34799506;Interdiscount - Genève Balexert Parterre
Interdiscount Division der Coop Basel;34799479;34799479;Interdiscount - Genève Carouge
Interdiscount Division der Coop Basel;34799487;34799487;Interdiscount - Genève Charmilles
Interdiscount Division der Coop Basel;34799504;34799504;Interdiscount - Genève Croix-d'Or
Interdiscount Division der Coop Basel;34799482;34799482;Interdiscount - Genève Cygnes
Interdiscount Division der Coop Basel;34799507;34799507;Interdiscount - Genève Eaux-Vives
Interdiscount Division der Coop Basel;47248692;47248692;Interdiscount - Genève Fusterie
Interdiscount Division der Coop Basel;45082726;45082726;Interdiscount - Genève Fusterie
Interdiscount Division der Coop Basel;11396040;11396040;Interdiscount - Genève Meyrin
Interdiscount Division der Coop Basel;5019141;5019141;Interdiscount - Granges-Paccot
Interdiscount Division der Coop Basel;41915869;41915869;Interdiscount - Grenchen
Interdiscount Division der Coop Basel;7789660;7789660;Interdiscount - Grenchen
Interdiscount Division der Coop Basel;34788769;34788769;Interdiscount - Gstaad
Interdiscount Division der Coop Basel;54238328;54238328;Interdiscount - Gunzgen SÃ¼d Kappel Coop pronto
Interdiscount Division der Coop Basel;34788537;34788537;Interdiscount - Haag
Interdiscount Division der Coop Basel;34788804;34788804;Interdiscount - Heerbrugg
Interdiscount Division der Coop Basel;12707587;12707587;Interdiscount - Heimberg CF XXL
Interdiscount Division der Coop Basel;12624968;12624968;Interdiscount - Hinwil
Interdiscount Division der Coop Basel;37240233;37240233;Interdiscount - Hochdorf
Interdiscount Division der Coop Basel;5875432;5875432;Interdiscount - Interdiscount Bern Ryfflihof
Interdiscount Division der Coop Basel;7057895;7057895;Interdiscount - Interdiscount Collombey
Interdiscount Division der Coop Basel;1967062;1967062;Interdiscount - Interdiscount Division der Coop Basel
Interdiscount Division der Coop Basel;73036;73036;Interdiscount - Interdiscount Jegenstorf
Interdiscount Division der Coop Basel;5238202;5238202;Interdiscount - Interdiscount Kriens
Interdiscount Division der Coop Basel;5019124;5019124;Interdiscount - Interdiscount Langenthal
Interdiscount Division der Coop Basel;5019072;5019072;Interdiscount - Interdiscount Schlieren
Interdiscount Division der Coop Basel;5238209;5238209;Interdiscount - Interdiscount Sissach
Interdiscount Division der Coop Basel;5019119;5019119;Interdiscount - Interdiscount St. Moritz
Interdiscount Division der Coop Basel;5019155;5019155;Interdiscount - Interdiscount Winterthur Erlenhof
Interdiscount Division der Coop Basel;11595620;11595620;Interdiscount - Interdiscount Zürich St. Annahof
Interdiscount Division der Coop Basel;5019096;5019096;Interdiscount - Interlaken
Interdiscount Division der Coop Basel;5391134;5391134;Interdiscount - Internet-Shop
Interdiscount Division der Coop Basel;5019080;5019080;Interdiscount - Kaiseraugst XXL
Interdiscount Division der Coop Basel;5238184;5238184;Interdiscount - Kreuzlingen Karussell
Interdiscount Division der Coop Basel;45834753;45834753;Interdiscount - Kriens Coop City
Interdiscount Division der Coop Basel;35097430;35097430;Interdiscount - Kusnacht
Interdiscount Division der Coop Basel;5019067;5019067;Interdiscount - La Chaux-de-Fonds Cité
Interdiscount Division der Coop Basel;13044979;13044979;Interdiscount - Lachen
Interdiscount Division der Coop Basel;34788686;34788686;Interdiscount - Langnau
Interdiscount Division der Coop Basel;5019120;5019120;Interdiscount - Laufen
Interdiscount Division der Coop Basel;34788786;34788786;Interdiscount - Lausanne Au Centre XXL
Interdiscount Division der Coop Basel;34788675;34788675;Interdiscount - Lausanne Bel-Air
Interdiscount Division der Coop Basel;34788805;34788805;Interdiscount - Lausanne Gare
Interdiscount Division der Coop Basel;5018968;5018968;Interdiscount - Lenzburg
Interdiscount Division der Coop Basel;10506854;10506854;Interdiscount - Liestal
Interdiscount Division der Coop Basel;11153350;11153350;Interdiscount - Locarno
Interdiscount Division der Coop Basel;5019117;5019117;Interdiscount - Losone
Interdiscount Division der Coop Basel;5019084;5019084;Interdiscount - Lugano Ginevra
Interdiscount Division der Coop Basel;5019099;5019099;Interdiscount - Luzern Bahnhofshopping
Interdiscount Division der Coop Basel;45082727;45082727;Interdiscount - Luzern Coop City
Interdiscount Division der Coop Basel;47248693;47248693;Interdiscount - Luzern Coop City
Interdiscount Division der Coop Basel;16010810;16010810;Interdiscount - Luzern Hertenstein XXL
Interdiscount Division der Coop Basel;19389451;19389451;Interdiscount - Lyss Seeland-Center
Interdiscount Division der Coop Basel;11176223;11176223;Interdiscount - Lyssach
Interdiscount Division der Coop Basel;34788628;34788628;Interdiscount - Marin
Interdiscount Division der Coop Basel;5019116;5019116;Interdiscount - Martigny
Interdiscount Division der Coop Basel;16105568;16105568;Interdiscount - Martigny Cristal
Interdiscount Division der Coop Basel;11198494;11198494;Interdiscount - Matran
Interdiscount Division der Coop Basel;19029126;19029126;Interdiscount - Meilen
Interdiscount Division der Coop Basel;34788551;34788551;Interdiscount - Mels
Interdiscount Division der Coop Basel;44989008;44989008;Interdiscount - microspot B2B
Interdiscount Division der Coop Basel;34788607;34788607;Interdiscount - Montagny
Interdiscount Division der Coop Basel;14706344;14706344;Interdiscount - Montreux
Interdiscount Division der Coop Basel;5019105;5019105;Interdiscount - Morges
Interdiscount Division der Coop Basel;34799511;34799511;Interdiscount - Münsingen
Interdiscount Division der Coop Basel;11504483;11504483;Interdiscount - Murten
Interdiscount Division der Coop Basel;5019153;5019153;Interdiscount - Muttenz
Interdiscount Division der Coop Basel;5019079;5019079;Interdiscount - Netstal
Interdiscount Division der Coop Basel;5019068;5019068;Interdiscount - Nyon
Interdiscount Division der Coop Basel;4975823;4975823;Interdiscount - Oberwil
Interdiscount Division der Coop Basel;47248688;47248688;Interdiscount - Oerlikon Coop City
Interdiscount Division der Coop Basel;45082728;45082728;Interdiscount - Oerlikon Coop City
Interdiscount Division der Coop Basel;5019107;5019107;Interdiscount - Oftringen
Interdiscount Division der Coop Basel;46319295;46319295;Interdiscount - Oftringen Coop pronto
Interdiscount Division der Coop Basel;45834534;45834534;Interdiscount - Olten Coop City
Interdiscount Division der Coop Basel;14780192;14780192;Interdiscount - Olten Sälipark
Interdiscount Division der Coop Basel;11153349;11153349;Interdiscount - Olten Stadt
Interdiscount Division der Coop Basel;17180423;17180423;Interdiscount - Oron-la-Ville
Interdiscount Division der Coop Basel;5082160;5082160;Interdiscount - Ostermundigen
Interdiscount Division der Coop Basel;5019078;5019078;Interdiscount - Payerne
Interdiscount Division der Coop Basel;34799490;34799490;Interdiscount - Pfäffikon
Interdiscount Division der Coop Basel;18871431;18871431;Interdiscount - Prilly
Interdiscount Division der Coop Basel;5018976;5018976;Interdiscount - Rapperswil
Interdiscount Division der Coop Basel;5019136;5019136;Interdiscount - Regensdorf  XXL
Interdiscount Division der Coop Basel;5019143;5019143;Interdiscount - Reinach Aargau
Interdiscount Division der Coop Basel;1366719;1366719;Interdiscount - Rennaz
Interdiscount Division der Coop Basel;49936531;49936531;Interdiscount - Rickenbach
Interdiscount Division der Coop Basel;5127913;5127913;Interdiscount - Rorschach
Interdiscount Division der Coop Basel;34788531;34788531;Interdiscount - San Antonino
Interdiscount Division der Coop Basel;34788716;34788716;Interdiscount - Schaffhausen Neuhausen
Interdiscount Division der Coop Basel;34788657;34788657;Interdiscount - Schaffhausen Vorstadt
Interdiscount Division der Coop Basel;34788468;34788468;Interdiscount - Seewen-Schwyz
Interdiscount Division der Coop Basel;34788495;34788495;Interdiscount - Serfontana
Interdiscount Division der Coop Basel;44989009;44989009;Interdiscount - Showroom Dietikon
Interdiscount Division der Coop Basel;89867259;89867259;Interdiscount - Showroom Jegenstorf
Interdiscount Division der Coop Basel;44989010;44989010;Interdiscount - Showroom Moosseedorf
Interdiscount Division der Coop Basel;47248691;47248691;Interdiscount - Showroom Zürich Hauptbahnhof
Interdiscount Division der Coop Basel;44989011;44989011;Interdiscount - Showroom Zürich Hauptbahnhof
Interdiscount Division der Coop Basel;12989129;12989129;Interdiscount - Sierre/Noës
Interdiscount Division der Coop Basel;34788731;34788731;Interdiscount - Signy XXL
Interdiscount Division der Coop Basel;3855460;3855460;Interdiscount - Sion
Interdiscount Division der Coop Basel;47248668;47248668;Interdiscount - Siroop msp
Interdiscount Division der Coop Basel;44989021;44989021;Interdiscount - Siroop msp
Interdiscount Division der Coop Basel;38207619;38207619;Interdiscount - siroop trading AG
Interdiscount Division der Coop Basel;5019161;5019161;Interdiscount - Solothurn
Interdiscount Division der Coop Basel;5202076;5202076;Interdiscount - Spiez
Interdiscount Division der Coop Basel;5018975;5018975;Interdiscount - Spreitenbach Shoppi
Interdiscount Division der Coop Basel;34788645;34788645;Interdiscount - St. Gallen AFG Arena XXL
Interdiscount Division der Coop Basel;52044554;52044554;Interdiscount - St. Gallen Bahnhof
Interdiscount Division der Coop Basel;63808723;63808723;Interdiscount - St. Gallen Coop City
Interdiscount Division der Coop Basel;44989012;44989012;Interdiscount - St. Gallen Coop pronto
Interdiscount Division der Coop Basel;47788981;47788981;Interdiscount - St. Gallen Coop pronto
Interdiscount Division der Coop Basel;34788479;34788479;Interdiscount - St. Gallen Gallusmarkt
Interdiscount Division der Coop Basel;34788485;34788485;Interdiscount - St. Gallen Marktgasse
Interdiscount Division der Coop Basel;5019113;5019113;Interdiscount - Suhr
Interdiscount Division der Coop Basel;5018964;5018964;Interdiscount - Sursee
Interdiscount Division der Coop Basel;34788714;34788714;Interdiscount - Tenero XXL
Interdiscount Division der Coop Basel;5019125;5019125;Interdiscount - Thalwil
Interdiscount Division der Coop Basel;34799484;34799484;Interdiscount - Thônex
Interdiscount Division der Coop Basel;5019074;5019074;Interdiscount - Thun Bälliz
Interdiscount Division der Coop Basel;8690412;8690412;Interdiscount - Thun Strättligenmarkt
Interdiscount Division der Coop Basel;14240168;14240168;Interdiscount - Thusis
Interdiscount Division der Coop Basel;16052409;16052409;Interdiscount - Vaduz
Interdiscount Division der Coop Basel;14706345;14706345;Interdiscount - Vernier
Interdiscount Division der Coop Basel;32071724;32071724;Interdiscount - Vevey
Interdiscount Division der Coop Basel;5019087;5019087;Interdiscount - Vevey Lausanne
Interdiscount Division der Coop Basel;34788727;34788727;Interdiscount - Villars-sur-Glâne CF
Interdiscount Division der Coop Basel;7789673;7789673;Interdiscount - Visp
Interdiscount Division der Coop Basel;33520685;33520685;Interdiscount - Visp Eyholz
Interdiscount Division der Coop Basel;5019075;5019075;Interdiscount - Volketswil
Interdiscount Division der Coop Basel;44989013;44989013;Interdiscount - Volkiland Coop City
Interdiscount Division der Coop Basel;34799499;34799499;Interdiscount - Wädenswil
Interdiscount Division der Coop Basel;5019091;5019091;Interdiscount - Wattwil
Interdiscount Division der Coop Basel;34308290;34308290;Interdiscount - Weinfelden Thurmarkt
Interdiscount Division der Coop Basel;34788466;34788466;Interdiscount - Wettingen Tägipark
Interdiscount Division der Coop Basel;10054653;10054653;Interdiscount - Wetzikon
Interdiscount Division der Coop Basel;5019151;5019151;Interdiscount - Widnau
Interdiscount Division der Coop Basel;7789662;7789662;Interdiscount - Wil
Interdiscount Division der Coop Basel;11249937;11249937;Interdiscount - Willisau
Interdiscount Division der Coop Basel;14780194;14780194;Interdiscount - Winterthur City
Interdiscount Division der Coop Basel;44989014;44989014;Interdiscount - Winterthur Coop City
Interdiscount Division der Coop Basel;14780195;14780195;Interdiscount - Winterthur Grüzemarkt
Interdiscount Division der Coop Basel;13673107;13673107;Interdiscount - Winterthur Lokwerk
Interdiscount Division der Coop Basel;3855371;3855371;Interdiscount - Winterthur Markt
Interdiscount Division der Coop Basel;13173671;13173671;Interdiscount - Wohlen
Interdiscount Division der Coop Basel;34799481;34799481;Interdiscount - Würenlingen
Interdiscount Division der Coop Basel;34799493;34799493;Interdiscount - Würenlos
Interdiscount Division der Coop Basel;34788692;34788692;Interdiscount - Yverdon
Interdiscount Division der Coop Basel;5019103;5019103;Interdiscount - Zofingen
Interdiscount Division der Coop Basel;16407982;16407982;Interdiscount - Zuchwil XXL
Interdiscount Division der Coop Basel;5018961;5018961;Interdiscount - Zug Metalli XXL
Interdiscount Division der Coop Basel;34799486;34799486;Interdiscount - Zürich Airport Shopping
Interdiscount Division der Coop Basel;34799491;34799491;Interdiscount - Zürich Albisriederplatz
Interdiscount Division der Coop Basel;34799508;34799508;Interdiscount - Zürich Hauptbahnhof
Interdiscount Division der Coop Basel;34799480;34799480;Interdiscount - Zürich Langstrasse / Neugasse
Interdiscount Division der Coop Basel;34799505;34799505;Interdiscount - Zürich Letzi XXL
Interdiscount Division der Coop Basel;34799502;34799502;Interdiscount - Zürich Löwen
Interdiscount Division der Coop Basel;34799498;34799498;Interdiscount - Zürich Sihlcity
Interdiscount Division der Coop Basel;34799494;34799494;Interdiscount - Zürich Sihlstrasse Megastore
Interdiscount Division der Coop Basel;44989015;44989015;Interdiscount - Zürich St. Annahof
Interdiscount Division der Coop Basel;34799492;34799492;Interdiscount - Zürich Stauffacher
Interdiscount Division der Coop Basel;34799483;34799483;Interdiscount - Zürich-Oerlikon Bauhof
Interdiscount Division der Coop Basel;34799510;34799510;Interdiscount - Zürich-Oerlikon Eleven
Interdiscount Division der Coop Basel;57002636;57002636;Interdiscount Basel Pfauen Coop City
Interdiscount Division der Coop Basel;44989005;44989005;Interdiscount Basel Pfauen Coop City
Media Markt GmbH;78329;78329;Media Markt Aachen
Media Markt GmbH;3343470;3343470;Media Markt Aalen
Media Markt Management AG (HQ);45486028;45486028;Media Markt Aarau
Media Markt Management AG (HQ);17146193;17146193;Media Markt Aigle
Media Markt GmbH;3838514;3838514;Media Markt Albstadt
Media Markt GmbH;8453930;8453930;Media Markt Alzey
Media Markt GmbH;20686459;20686459;Media Markt Amberg
MEDIA SATURN BETEILIGUNGDS G.m.b.H. HOLDING;51309770;51309770;Media Markt Amstetten
MEDIA SATURN BETEILIGUNGDS G.m.b.H. HOLDING;33548038;33548038;Media Markt Amstetten
Media Markt GmbH;3935327;3935327;Media Markt Ansbach
Media Markt GmbH;57612;57612;Media Markt Aschaffenburg
Media Markt GmbH;3935328;3935328;Media Markt Aschaffenburg II
Media Markt GmbH;5024453;5024453;Media Markt Augsburg-Göggingen
Media Markt GmbH;2944471;2944471;Media Markt Augsburg-Oberhausen
Media Markt GmbH;3343472;3343472;Media Markt Backnang
Media Markt GmbH;36656238;36656238;Media Markt Bad Cannstatt
Media Markt GmbH;57385;57385;Media Markt Bad Dürrheim
Media Markt GmbH;4566044;4566044;Media Markt Bad Kreuznach
Media Markt GmbH;10082295;10082295;Media Markt Bad Neustadt
Media Markt GmbH;10815907;10815907;Media Markt Baden-Baden
Media Markt Management AG (HQ);31713116;31713116;Media Markt Basel SBB
Media Markt Management AG (HQ);7192594;7192594;Media Markt Basel SBB
Media Markt GmbH;57451;57451;Media Markt Bayreuth
Media Markt GmbH;57560;57560;Media Markt Belm-Osnabrück
Media Markt GmbH;35098047;35098047;Media Markt Berlin Hbf
Media Markt GmbH;5404377;5404377;Media Markt Berlin-Biesdorf
Media Markt GmbH;8448950;8448950;Media Markt Berlin-Charlottenburg
Media Markt GmbH;9014629;9014629;Media Markt Berlin-Eiche
Media Markt GmbH;3174155;3174155;Media Markt Berlin-Gropiusstadt
Media Markt GmbH;340417;340417;Media Markt Berlin-Hohenschönhausen
Media Markt GmbH;11806442;11806442;Media Markt Berlin-Mitte
Media Markt GmbH;509864;509864;Media Markt Berlin-Neukölln
Media Markt GmbH;9293712;9293712;Media Markt Berlin-Prenzlauer Berg
Media Markt GmbH;7320945;7320945;Media Markt Berlin-Schöneweide
Media Markt GmbH;1549895;1549895;Media Markt Berlin-Spandau
Media Markt GmbH;10000775;10000775;Media Markt Berlin-Steglitz
Media Markt GmbH;2944472;2944472;Media Markt Berlin-Tegel
Media Markt GmbH;13578346;13578346;Media Markt Berlin-Tempelhof
Media Markt GmbH;3935253;3935253;Media Markt Berlin-Waltersdorf
Media Markt GmbH;340418;340418;Media Markt Berlin-Wedding
Media Markt Management AG (HQ);28897414;28897414;Media Markt Bern Markthalle
Media Markt Management AG (HQ);37753686;37753686;Media Markt Biel-Brügg
Media Markt GmbH;59118;59118;Media Markt Bielefeld
Media Markt GmbH;5440285;5440285;Media Markt Bischofsheim
Media Markt GmbH;35219013;35219013;Media Markt Böblingen
Media Markt GmbH;57549;57549;Media Markt Bochum-Hofstede
Media Markt GmbH;2486128;2486128;Media Markt Bochum-Ruhrpark
Media Markt GmbH;20654180;20654180;Media Markt Bonn
Media Markt GmbH;54581;54581;Media Markt Bremen
Media Markt GmbH;16809758;16809758;Media Markt Bremen-Oslebshausen
Media Markt GmbH;2486215;2486215;Media Markt Bremerhaven
Media Markt GmbH;4038503;4038503;Media Markt Bruchsal
Media Markt GmbH;12081880;12081880;Media Markt Buchholz
Media Markt GmbH;44839863;44839863;Media Markt Burghausen
MEDIA SATURN BETEILIGUNGDS G.m.b.H. HOLDING;51309771;51309771;Media Markt Bürs
MEDIA SATURN BETEILIGUNGDS G.m.b.H. HOLDING;15333471;15333471;Media Markt Bürs
Media Markt GmbH;5061680;5061680;Media Markt Buxtehude
Media Markt GmbH;8448956;8448956;Media Markt Castrop-Rauxel
Media Markt GmbH;1727615;1727615;Media Markt Chemnitz
Media Markt GmbH;4806249;4806249;Media Markt Chemnitz-Röhrsdorf 
Media Markt Management AG (HQ);2868261;2868261;Media Markt Chur
Media Markt GmbH;4259909;4259909;Media Markt Coburg
Media Markt Management AG (HQ);5607487;5607487;Media Markt Conthey
Media Markt GmbH;3935329;3935329;Media Markt Cottbus
Media Markt GmbH;3343469;3343469;Media Markt Crailsheim
Media Markt Management AG (HQ);800743;800743;Media Markt Crissier
Media Markt GmbH;9442327;9442327;Media Markt Deggendorf
Media Markt GmbH;35445825;35445825;Media Markt Delmenhorst
Media Markt GmbH;8142425;8142425;Media Markt Dessau
Media Markt Management AG (HQ);74122;74122;Media Markt Dietikon Riedstr.
Media Markt Management AG (HQ);73142;73142;Media Markt Dietlikon Industrie
Media Markt GmbH;16310959;16310959;Media Markt Dietzenbach
Media Markt GmbH;7891002;7891002;Media Markt Donauwörth
MEDIA SATURN BETEILIGUNGDS G.m.b.H. HOLDING;36361859;36361859;Media Markt Dornbirn
Media Markt GmbH;40728175;40728175;Media Markt Dortmund Hörde
Media Markt GmbH;17156888;17156888;Media Markt Dortmund Oespel
Media Markt GmbH;13966600;13966600;Media Markt Dresden Centrum-Galerie
Media Markt GmbH;4580555;4580555;Media Markt Dresden-ElbePark
Media Markt GmbH;3935286;3935286;Media Markt Dresden-Kaufpark
Media Markt GmbH;10047575;10047575;Media Markt Duisburg-Großenbaum
Media Markt GmbH;67709;67709;Media Markt Duisburg-Marxloh
Media Markt GmbH;8459021;8459021;Media Markt Düsseldorf
Media Markt GmbH;13043271;13043271;Media Markt Düsseldorf-Bilk
Media Markt GmbH;401498;401498;Media Markt Egelsbach
Media Markt GmbH;24204158;24204158;Media Markt Eisenach
Media Markt GmbH;3343474;3343474;Media Markt Eislingen
Media Markt GmbH;8527047;8527047;Media Markt Ellwangen - DAS
Media Markt GmbH;17156884;17156884;Media Markt Emden
Media Markt GmbH;12263743;12263743;Media Markt Emden
Media Markt GmbH;44340878;44340878;Media Markt Emmendingen
Media Markt GmbH;13104371;13104371;Media Markt Erding
Media Markt GmbH;528086;528086;Media Markt Erfurt im Thüringen Park
Media Markt GmbH;9523087;9523087;Media Markt Erfurt T.E.C.
Media Markt GmbH;315923;315923;Media Markt Erlangen
Media Markt GmbH;15671753;15671753;Media Markt Eschweiler
Media Markt GmbH;57476;57476;Media Markt Essen
Media Markt GmbH;66993;66993;Media Markt Esslingen-Weil
MEDIA SATURN BETEILIGUNGDS G.m.b.H. HOLDING;16515928;16515928;Media Markt Feldkirch
Media Markt GmbH;78330;78330;Media Markt Feuerbach GmbH
Media Markt GmbH;3935302;3935302;Media Markt Flensburg
Media Markt GmbH;49846202;49846202;Media Markt Forchheim
Media Markt GmbH;58107;58107;Media Markt Frankfurt-NW-Zentrum
MEDIA SATURN BETEILIGUNGDS G.m.b.H. HOLDING;44716945;44716945;Media Markt Frauenhofen
MEDIA SATURN BETEILIGUNGDS G.m.b.H. HOLDING;51309772;51309772;Media Markt Frauenhofen
Media Markt GmbH;84037;84037;Media Markt Freiburg
Media Markt GmbH;6641700;6641700;Media Markt Friedrichshafen
Media Markt GmbH;3935356;3935356;Media Markt Fulda
Media Markt Management AG (HQ);9776260;9776260;Media Markt Genève-Carouge
MEDIA SATURN BETEILIGUNGDS G.m.b.H. HOLDING;33548079;33548079;Media Markt Gerasdorf G3 Center
MEDIA SATURN BETEILIGUNGDS G.m.b.H. HOLDING;43352939;43352939;Media Markt Gerasdorf G3 Center
Media Markt GmbH;9586759;9586759;Media Markt Gießen
Media Markt GmbH;20725960;20725960;Media Markt Gifhorn
Media Markt GmbH;3935306;3935306;Media Markt GmbH Nürtingen
Media Markt GmbH;5118811;5118811;Media Markt Goslar
Media Markt GmbH;83985;83985;Media Markt Göttingen
Media Markt Management AG (HQ);2495706;2495706;Media Markt Grancia
Media Markt Management AG (HQ);38072021;38072021;Media Markt Granges-Paccot
MEDIA SATURN BETEILIGUNGDS G.m.b.H. HOLDING;33548074;33548074;Media Markt Graz
MEDIA SATURN BETEILIGUNGDS G.m.b.H. HOLDING;38727805;38727805;Media Markt Graz Shopping Nord
MEDIA SATURN BETEILIGUNGDS G.m.b.H. HOLDING;35329839;35329839;Media Markt Graz Shopping Nord
MEDIA SATURN BETEILIGUNGDS G.m.b.H. HOLDING;35329891;35329891;Media Markt Graz-Liebenau
MEDIA SATURN BETEILIGUNGDS G.m.b.H. HOLDING;51309768;51309768;Media Markt Graz-Liebenau
Media Markt GmbH;5510661;5510661;Media Markt Greifswald
Media Markt GmbH;4501834;4501834;Media Markt Günthersdorf bei Leipzig
Media Markt GmbH;7193439;7193439;Media Markt Gütersloh
MEDIA SATURN BETEILIGUNGDS G.m.b.H. HOLDING;11575933;11575933;Media Markt Haid
MEDIA SATURN BETEILIGUNGDS G.m.b.H. HOLDING;33548066;33548066;Media Markt Haid
Media Markt GmbH;13124391;13124391;Media Markt Halberstadt
Media Markt GmbH;488592;488592;Media Markt Halle-Peißen
Media Markt GmbH;57423;57423;Media Markt Hallstadt-Bamberg
Media Markt GmbH;2486557;2486557;Media Markt Halstenbek
Media Markt GmbH;9135933;9135933;Media Markt Hamburg-Altona
Media Markt GmbH;592880;592880;Media Markt Hamburg-Billstedt
Media Markt GmbH;8398913;8398913;Media Markt Hamburg-Harburg
Media Markt GmbH;4004663;4004663;Media Markt Hamburg-Hummelsbüttel
Media Markt GmbH;57522;57522;Media Markt Hamburg-Nedderfeld
Media Markt GmbH;17156887;17156887;Media Markt Hamburg-Oststeinbeck
Media Markt GmbH;5170063;5170063;Media Markt Hamburg-Wandsbek
Media Markt GmbH;1571932;1571932;Media Markt Hameln
Media Markt GmbH;5170064;5170064;Media Markt Hannover-Vahrenheide
Media Markt GmbH;4213557;4213557;Media Markt Hannover-Wülfel
Media Markt GmbH;5171451;5171451;Media Markt Heide
Media Markt GmbH;3935245;3935245;Media Markt Heidelberg
Media Markt GmbH;7320946;7320946;Media Markt Heidelberg II
Media Markt GmbH;8467783;8467783;Media Markt Heidenheim
Media Markt GmbH;18520342;18520342;Media Markt Heidenheim
Media Markt GmbH;516542;516542;Media Markt Heilbronn
Media Markt GmbH;37109611;37109611;Media Markt Heilbronn 2
Media Markt GmbH;10884215;10884215;Media Markt Henstedt-Ulzburg
Media Markt GmbH;4218674;4218674;Media Markt Heppenheim
Media Markt GmbH;80771;80771;Media Markt Herzogenrath
Media Markt GmbH;57488;57488;Media Markt Hildesheim
Media Markt GmbH;16310848;16310848;Media Markt Hof
Media Markt GmbH;13060563;13060563;Media Markt Holzminden
Media Markt GmbH;4768545;4768545;Media Markt Homburg
Media Markt GmbH;8421287;8421287;Media Markt Hückelhoven
Media Markt GmbH;8398934;8398934;Media Markt Idar-Oberstein
MEDIA SATURN BETEILIGUNGDS G.m.b.H. HOLDING;51309762;51309762;Media Markt Imst
MEDIA SATURN BETEILIGUNGDS G.m.b.H. HOLDING;12987126;12987126;Media Markt Imst
Media Markt GmbH;59049;59049;Media Markt Ingolstadt
MEDIA SATURN BETEILIGUNGDS G.m.b.H. HOLDING;77168;77168;Media Markt Innsbruck
MEDIA SATURN BETEILIGUNGDS G.m.b.H. HOLDING;33548077;33548077;Media Markt Innsbruck Kaufhaus Tyrol
MEDIA SATURN BETEILIGUNGDS G.m.b.H. HOLDING;51309780;51309780;Media Markt Innsbruck Kaufhaus Tyrol
Saturn Elektro-Handels-GmbH;12587340;12587340;Saturn Itzehoe
Media Markt GmbH;11278125;11278125;Media Markt Itzehoe
Media Markt GmbH;16685076;16685076;Media Markt Jena
Media Markt GmbH;57628;57628;Media Markt Kaiserslautern
Media Markt GmbH;19644129;19644129;Media Markt Karlsfeld
Media Markt GmbH;3262025;3262025;Media Markt Karlsruhe
Media Markt GmbH;9486984;9486984;Media Markt Karlsruhe II
Media Markt GmbH;16310826;16310826;Media Markt Kassel
Media Markt GmbH;3935281;3935281;Media Markt Kempten
Media Markt GmbH;14830046;14830046;Media Markt Kiel
Media Markt GmbH;14846867;14846867;Media Markt Kirchheim
MEDIA SATURN BETEILIGUNGDS G.m.b.H. HOLDING;10310199;10310199;Media Markt Klagenfurt
MEDIA SATURN BETEILIGUNGDS G.m.b.H. HOLDING;38727784;38727784;Media Markt Klagenfurt
MEDIA SATURN BETEILIGUNGDS G.m.b.H. HOLDING;14963956;14963956;Media Markt Klagenfurt
MEDIA SATURN BETEILIGUNGDS G.m.b.H. HOLDING;203157;203157;Media Markt Klagenfurt
Media Markt GmbH;57475;57475;Media Markt Koblenz
Media Markt GmbH;3327577;3327577;Media Markt Köln City
Media Markt GmbH;16813206;16813206;Media Markt Köln-Chorweiler
Media Markt GmbH;8774668;8774668;Media Markt Köln-Kalk
Media Markt GmbH;1292316;1292316;Media Markt Köln-Marsdorf
Media Markt GmbH;1712434;1712434;Media Markt Konstanz
Media Markt GmbH;5397857;5397857;Media Markt Krefeld
MEDIA SATURN BETEILIGUNGDS G.m.b.H. HOLDING;51309775;51309775;Media Markt Krems
Media Markt Management AG (HQ);7789693;7789693;Media Markt Kriens
Media Markt GmbH;18074746;18074746;Media Markt Kulmbach
Media Markt GmbH;2170515;2170515;Media Markt Lahr
Media Markt GmbH;16685038;16685038;Media Markt Landau
Media Markt GmbH;13488264;13488264;Media Markt Landsberg am Lech
Media Markt GmbH;60212266;60212266;Media Markt Leer
Media Markt GmbH;59724237;59724237;Media Markt Leer
Media Markt GmbH;18074748;18074748;Media Markt Leipzig Höfe am Brühl
Media Markt GmbH;2164714;2164714;Media Markt Leipzig-Paunsdorf
MEDIA SATURN BETEILIGUNGDS G.m.b.H. HOLDING;11976358;11976358;Media Markt Leoben
MEDIA SATURN BETEILIGUNGDS G.m.b.H. HOLDING;51309763;51309763;Media Markt Leoben
Media Markt GmbH;18071065;18071065;Media Markt Lichtenfels
MEDIA SATURN BETEILIGUNGDS G.m.b.H. HOLDING;37233001;37233001;Media Markt Liezen
Media Markt GmbH;6689711;6689711;Media Markt Limburg
Media Markt GmbH;16403213;16403213;Media Markt Lingen
MEDIA SATURN BETEILIGUNGDS G.m.b.H. HOLDING;33548073;33548073;Media Markt Linz
MEDIA SATURN BETEILIGUNGDS G.m.b.H. HOLDING;33548045;33548045;Media Markt Linz Industriezeile
Media Markt GmbH;83967;83967;Media Markt Lübeck
Media Markt GmbH;64965;64965;Media Markt Ludwigsburg
Media Markt GmbH;326842;326842;Media Markt Ludwigshafen
Media Markt GmbH;369138;369138;Media Markt Lüneburg
Media Markt Management AG (HQ);1307148;1307148;Media Markt Lyssach
Media Markt GmbH;6174658;6174658;Media Markt Magdeburg
Media Markt GmbH;800910;800910;Media Markt Magdeburg Pfahlberg
Media Markt GmbH;2486303;2486303;Media Markt Mainz
Media Markt GmbH;16310846;16310846;Media Markt Mannheim
Media Markt GmbH;8186583;8186583;Media Markt Mannheim II
Media Markt GmbH;7363663;7363663;Media Markt Marburg
Media Markt Management AG (HQ);37313966;37313966;Media Markt Marin
Media Markt GmbH;16310913;16310913;Media Markt Marktredwitz
Media Markt GmbH;16310951;16310951;Media Markt Meerane
Media Markt GmbH;7935344;7935344;Media Markt Memmingen
Media Markt GmbH;21350820;21350820;Media Markt Meppen
Media Markt Management AG (HQ);3278678;3278678;Media Markt Meyrin
Media Markt GmbH;3108648;3108648;Media Markt Mosbach
Media Markt GmbH;7320947;7320947;Media Markt Mühldorf-Inn
Media Markt GmbH;3935344;3935344;Media Markt Mülheim/Ruhr-Dümpten
Media Markt GmbH;54699299;54699299;Media Markt München Unterföhring
Media Markt GmbH;48436874;48436874;Media Markt München Unterföhring
Media Markt GmbH;3935340;3935340;Media Markt München-Euroind.park
Media Markt GmbH;812068;812068;Media Markt München-Pasing
Media Markt GmbH;2170462;2170462;Media Markt München-Solln
Media Markt GmbH;3935300;3935300;Media Markt Münster
Media Markt Management AG (HQ);37394249;37394249;Media Markt Muri bei Bern
Media Markt GmbH;2821654;2821654;Media Markt Nagold
Media Markt GmbH;2433896;2433896;Media Markt Neubrandenburg
Media Markt GmbH;3935304;3935304;Media Markt Neumünster
Media Markt GmbH;11397492;11397492;Media Markt Neunkirchen
Media Markt GmbH;12956200;12956200;Media Markt Neuss
Media Markt GmbH;9712279;9712279;Media Markt Neustadt
Media Markt GmbH;3935234;3935234;Media Markt Neu-Ulm
Media Markt GmbH;3609132;3609132;Media Markt Neuwied
Media Markt GmbH;8325682;8325682;Media Markt Nienburg
Media Markt GmbH;21513266;21513266;Media Markt Nordhausen
Media Markt GmbH;3935358;3935358;Media Markt Nordhorn
Media Markt GmbH;18211227;18211227;Media Markt Nördlingen
Media Markt GmbH;31432590;31432590;Media Markt Nürnberg-Kleinreuth
Media Markt GmbH;315925;315925;Media Markt Nürnberg-Kleinreuth
Media Markt GmbH;5170066;5170066;Media Markt Nürnberg-Langwasser
MEDIA SATURN BETEILIGUNGDS G.m.b.H. HOLDING;51309764;51309764;Media Markt Oberwart
MEDIA SATURN BETEILIGUNGDS G.m.b.H. HOLDING;33548046;33548046;Media Markt Oberwart
Media Markt GmbH;2150652;2150652;Media Markt Offenburg
Media Markt Management AG (HQ);10641477;10641477;Media Markt Oftringen
Media Markt GmbH;3262024;3262024;Media Markt Oldenburg
Media Markt GmbH;69018;69018;Media Markt Paderborn
MEDIA SATURN BETEILIGUNGDS G.m.b.H. HOLDING;77693040;77693040;Media Markt Parndorf GmbH
MEDIA SATURN BETEILIGUNGDS G.m.b.H. HOLDING;24362848;24362848;Media Markt Pasching 
Media Markt GmbH;57736;57736;Media Markt Passau
Media Markt GmbH;16310932;16310932;Media Markt Peine
Media Markt GmbH;78331;78331;Media Markt Pforzheim
Media Markt GmbH;348062;348062;Media Markt Pirmasens
Media Markt GmbH;1369102;1369102;Media Markt Plauen
Media Markt GmbH;3935252;3935252;Media Markt Porta Westf.(Minden)
Media Markt GmbH;5426789;5426789;Media Markt Potsdam
Media Markt Management AG (HQ);1551553;1551553;Media Markt Pratteln
Media Markt GmbH;340437;340437;Media Markt Raisdorf
Media Markt GmbH;84093;84093;Media Markt Ravensburg
Media Markt GmbH;16310847;16310847;Media Markt Recklinghausen
Media Markt GmbH;57508;57508;Media Markt Regensburg
Media Markt GmbH;18191734;18191734;Media Markt Rendsburg
Media Markt GmbH;58078;58078;Media Markt Reutlingen
Media Markt GmbH;16310891;16310891;Media Markt Rheine
MEDIA SATURN BETEILIGUNGDS G.m.b.H. HOLDING;51309773;51309773;Media Markt Ried im Innkreis
MEDIA SATURN BETEILIGUNGDS G.m.b.H. HOLDING;31154356;31154356;Media Markt Ried im Innkreis
Media Markt GmbH;19599823;19599823;Media Markt Riesa
Media Markt GmbH;57616;57616;Media Markt Rosenheim
Media Markt GmbH;6075354;6075354;Media Markt Rostock-Brinckmansdorf
Media Markt GmbH;5404376;5404376;Media Markt Rostock-Sievershagen
Media Markt GmbH;57997;57997;Media Markt Saarbrücken
Media Markt GmbH;7080173;7080173;Media Markt Saarbrücken II
Media Markt GmbH;8505513;8505513;Media Markt Saarlouis
MEDIA SATURN BETEILIGUNGDS G.m.b.H. HOLDING;33548048;33548048;Media Markt Salzburg
MEDIA SATURN BETEILIGUNGDS G.m.b.H. HOLDING;33548076;33548076;Media Markt Salzburg Europark
Media Markt GmbH;34129146;34129146;Media Markt Salzgitter
Media Markt Management AG (HQ);39294311;39294311;Media Markt Sant Antonino
Media Markt GmbH;17156885;17156885;Media Markt Schleswig
Media Markt Management AG (HQ);19453201;19453201;Media Markt Schoenbuehl
Media Markt GmbH;4278512;4278512;Media Markt Schorndorf
Media Markt GmbH;17229746;17229746;Media Markt Schwabach
Media Markt GmbH;84078;84078;Media Markt Schwäbisch Gmünd
Media Markt GmbH;3343471;3343471;Media Markt Schwäbisch Hall
Media Markt GmbH;194191;194191;Media Markt Schwedt
Media Markt GmbH;1201776;1201776;Media Markt Schweinfurt
Media Markt GmbH;40743440;40743440;Media Markt Schweinfurt City
Media Markt GmbH;14662285;14662285;Media Markt Schwerin
MEDIA SATURN BETEILIGUNGDS G.m.b.H. HOLDING;35329926;35329926;Media Markt Seiersberg
Media Markt Management AG (HQ);16310788;16310788;Media Markt Sihlcity
Media Markt GmbH;2486300;2486300;Media Markt Sindelfingen
Media Markt GmbH;5944424;5944424;Media Markt Singen
Media Markt GmbH;3935337;3935337;Media Markt Sinsheim
Media Markt GmbH;7363667;7363667;Media Markt Speyer
MEDIA SATURN BETEILIGUNGDS G.m.b.H. HOLDING;51309765;51309765;Media Markt Spittal
MEDIA SATURN BETEILIGUNGDS G.m.b.H. HOLDING;12948823;12948823;Media Markt Spittal
Media Markt Management AG (HQ);3326835;3326835;Media Markt St. Gallen
MEDIA SATURN BETEILIGUNGDS G.m.b.H. HOLDING;11865566;11865566;Media Markt St. Lorenzen im Mürztal
MEDIA SATURN BETEILIGUNGDS G.m.b.H. HOLDING;51309774;51309774;Media Markt St. Lorenzen im Mürztal
MEDIA SATURN BETEILIGUNGDS G.m.b.H. HOLDING;33548050;33548050;Media Markt St. Pölten
Media Markt GmbH;18104869;18104869;Media Markt Stadthagen
MEDIA SATURN BETEILIGUNGDS G.m.b.H. HOLDING;38727874;38727874;Media Markt Steyr
Media Markt GmbH;1420520;1420520;Media Markt Stralsund
Media Markt GmbH;5397850;5397850;Media Markt Straubing
Media Markt GmbH;24653349;24653349;Media Markt Stuttgart Mailänder Platz
Media Markt GmbH;31575132;31575132;Media Markt Stuttgart-Vaihingen
Media Markt GmbH;8260018;8260018;Media Markt Stuttgart-Vaihingen
Media Markt GmbH;4974207;4974207;Media Markt Sulzbach
Media Markt Management AG (HQ);37314014;37314014;Media Markt Thun
Media Markt GmbH;16310937;16310937;Media Markt Traunreut
Media Markt GmbH;8021158;8021158;Media Markt Traunstein
Media Markt GmbH;5024454;5024454;Media Markt Trier
MEDIA SATURN BETEILIGUNGDS G.m.b.H. HOLDING;35219784;35219784;Media Markt Tulln
Media Markt GmbH;52302044;52302044;Media Markt Turnstraße
Media Markt GmbH;54811545;54811545;Media Markt Turnstraße
Media Markt GmbH;52376139;52376139;Media Markt Turnstraße
Saturn Elektro-Handels-GmbH;12665963;12665963;Saturn Bocholt
Media Markt GmbH;3935312;3935312;Media Markt TV-HiFi-Elektro GmbH Fellbach
Media Markt GmbH;6822164;6822164;Media Markt Ulm
Media Markt GmbH;4610662;4610662;Media Markt Velbert
Media Markt GmbH;3294962;3294962;Media Markt Viernheim
MEDIA SATURN BETEILIGUNGDS G.m.b.H. HOLDING;33548051;33548051;Media Markt Villach
MEDIA SATURN BETEILIGUNGDS G.m.b.H. HOLDING;51309767;51309767;Media Markt Vöcklabruck
MEDIA SATURN BETEILIGUNGDS G.m.b.H. HOLDING;33548052;33548052;Media Markt Vöcklabruck
Media Markt Management AG (HQ);38715399;38715399;Media Markt Volketswil
MEDIA SATURN BETEILIGUNGDS G.m.b.H. HOLDING;33548053;33548053;Media Markt Vösendorf
MEDIA SATURN BETEILIGUNGDS G.m.b.H. HOLDING;38727786;38727786;Media Markt Vösendorf sCS Multiplex
MEDIA SATURN BETEILIGUNGDS G.m.b.H. HOLDING;326218;326218;Media Markt Vösendorf sCS Multiplex
Saturn Elektro-Handels-GmbH;57404;57404;Saturn Webshop
Media Markt GmbH;20952287;20952287;Media Markt Webshop
Media Markt Management AG (HQ);35548544;35548544;Media Markt Webshop CH
Media Markt Management AG (HQ);920019;920019;Media Markt Webshop CH
Media Markt GmbH;16310914;16310914;Media Markt Weiden
Media Markt GmbH;7843980;7843980;Media Markt Weilheim
Media Markt GmbH;40340192;40340192;Media Markt Weinheim
Media Markt GmbH;5689231;5689231;Media Markt Weiterstadt
MEDIA SATURN BETEILIGUNGDS G.m.b.H. HOLDING;33548054;33548054;Media Markt Wels
Media Markt GmbH;8797954;8797954;Media Markt Wetzlar
MEDIA SATURN BETEILIGUNGDS G.m.b.H. HOLDING;47152112;47152112;media Markt Wien Auhof
MEDIA SATURN BETEILIGUNGDS G.m.b.H. HOLDING;33548069;33548069;media Markt Wien Auhof
MEDIA SATURN BETEILIGUNGDS G.m.b.H. HOLDING;51309779;51309779;media Markt Wien Auhof
Saturn Elektro-Handels-GmbH;17156883;17156883;Saturn Celle
Media Markt GmbH;18162157;18162157;Media Markt Dorsten
Saturn Elektro-Handels-GmbH;5788906;5788906;Saturn Göttingen
Media Markt GmbH;15171539;15171539;Media Markt Gründau-Lieblos
Saturn Elektro-Handels-GmbH;12401016;12401016;Saturn Hamburg - Bergedorf
Saturn Elektro-Handels-GmbH;3722030;3722030;Saturn Herford
Media Markt GmbH;18074747;18074747;Media Markt Lippstadt
Media Markt GmbH;9269775;9269775;Media Markt Mönchengladbach
Saturn Elektro-Handels-GmbH;7247928;7247928;Saturn Mönchengladbach MINTO
Media Markt GmbH;17156886;17156886;Media Markt Betriebsstätte Neutraubling 
Saturn Elektro-Handels-GmbH;13658336;13658336;Saturn Senden
Media Markt GmbH;4218673;4218673;Meida Markt Waiblingen
MEDIA SATURN BETEILIGUNGDS G.m.b.H. HOLDING;11575932;11575932;Media Markt Wien Columbuscenter
MEDIA SATURN BETEILIGUNGDS G.m.b.H. HOLDING;14963954;14963954;Media Markt Wien Columbuscenter
MEDIA SATURN BETEILIGUNGDS G.m.b.H. HOLDING;51309778;51309778;Media Markt Wien Donauzentrum
MEDIA SATURN BETEILIGUNGDS G.m.b.H. HOLDING;33548072;33548072;Media Markt Wien Donauzentrum
MEDIA SATURN BETEILIGUNGDS G.m.b.H. HOLDING;203147;203147;Media Markt Wien Floridsdorf
MEDIA SATURN BETEILIGUNGDS G.m.b.H. HOLDING;14963948;14963948;Media Markt Wien Gerngross
MEDIA SATURN BETEILIGUNGDS G.m.b.H. HOLDING;33548057;33548057;Media Markt Wien Hietzing
MEDIA SATURN BETEILIGUNGDS G.m.b.H. HOLDING;33548060;33548060;Media Markt Wien Lugner City
MEDIA SATURN BETEILIGUNGDS G.m.b.H. HOLDING;51309769;51309769;Media Markt Wien Lugner City
MEDIA SATURN BETEILIGUNGDS G.m.b.H. HOLDING;2961374;2961374;Media Markt Wien Millennium City
MEDIA SATURN BETEILIGUNGDS G.m.b.H. HOLDING;51309776;51309776;Media Markt Wien Mitte
MEDIA SATURN BETEILIGUNGDS G.m.b.H. HOLDING;17973425;17973425;Media Markt Wien Mitte
MEDIA SATURN BETEILIGUNGDS G.m.b.H. HOLDING;36361899;36361899;Media Markt Wien Riverside
MEDIA SATURN BETEILIGUNGDS G.m.b.H. HOLDING;51309781;51309781;Media Markt Wien Riverside
MEDIA SATURN BETEILIGUNGDS G.m.b.H. HOLDING;77147;77147;Media Markt Wien Simmering
MEDIA SATURN BETEILIGUNGDS G.m.b.H. HOLDING;21565700;21565700;Media Markt Wien Simmering
MEDIA SATURN BETEILIGUNGDS G.m.b.H. HOLDING;15370200;15370200;Media Markt Wien Stadlau
MEDIA SATURN BETEILIGUNGDS G.m.b.H. HOLDING;33548055;33548055;Media Markt Wiener Neustadt
Media Markt GmbH;16804397;16804397;Media Markt Wiesbaden2
Media Markt GmbH;17156889;17156889;Media Markt Wilhelmhaven
Media Markt Management AG (HQ);37313923;37313923;Media Markt Winterthur
Media Markt Management AG (HQ);6533391;6533391;Media Markt Winterthur-Grüze
MEDIA SATURN BETEILIGUNGDS G.m.b.H. HOLDING;51309777;51309777;Media Markt Wolfsberg
MEDIA SATURN BETEILIGUNGDS G.m.b.H. HOLDING;45476258;45476258;Media Markt Wolfsberg
Media Markt GmbH;326769;326769;Media Markt Wolfsburg
MEDIA SATURN BETEILIGUNGDS G.m.b.H. HOLDING;33548062;33548062;Media Markt Wörgl
Media Markt GmbH;2486302;2486302;Media Markt Worms
Media Markt GmbH;5804781;5804781;Media Markt Wuppertal
Media Markt GmbH;57568;57568;Media Markt Würzburg
Media Markt GmbH;1713593;1713593;Media Markt Würzburg 2
MEDIA SATURN BETEILIGUNGDS G.m.b.H. HOLDING;51309766;51309766;Media Markt Zell am See
MEDIA SATURN BETEILIGUNGDS G.m.b.H. HOLDING;33548063;33548063;Media Markt Zell am See
Media Markt GmbH;4983864;4983864;Media Markt Zella Mehlis
Media Markt GmbH;403875;403875;Media Markt Zwickau
Media Markt GmbH;5024452;5024452;MediaMarkt Frankfurt-Borsigallee
MEDIA SATURN BETEILIGUNGDS G.m.b.H. HOLDING;38727916;38727916;MediaMarkt Linz-Leonding
Media Markt GmbH;2485833;2485833;MediaMarkt München Stahlgr.Cent.
Media Markt GmbH;7183461;7183461;MediaMarkt Nürnberg-Schoppershof
Media Markt GmbH;12403435;12403435;MediaMarkt Papenburg
Media Markt GmbH;4806248;4806248;MediaMarkt Stuhr/GroßMackenstedt
Media Markt GmbH;4521060;4521060;MediaMarkt Wiesbaden-Hasengarten
Media Markt GmbH;17982277;17982277;Media-Saturn IT Services GmbH
Media Markt GmbH;11692372;11692372;MM Stade
Media Markt GmbH;21336946;21336946;Neuburg an der Donau
MEDIA SATURN BETEILIGUNGDS G.m.b.H. HOLDING;33.548.065;33548065;Media Markt Webshop AT
Saturn Elektro-Handels-GmbH;335136;335136;Saturn Aachen
Saturn Elektro-Handels-GmbH;7843981;7843981;Saturn Ansbach
Saturn Elektro-Handels-GmbH;4974200;4974200;Saturn Augsburg (City Galerie)
Saturn Elektro-Handels-GmbH;7846888;7846888;Saturn Augsburg Betriebsstätte Friedberg
Saturn Elektro-Handels-GmbH;16102156;16102156;Saturn Bad Homburg
Saturn Elektro-Handels-GmbH;10277105;10277105;Saturn Bad Oeynhausen
Saturn Elektro-Handels-GmbH;17554669;17554669;Saturn Baunatal
Saturn Elektro-Handels-GmbH;1727704;1727704;Saturn Bergisch Gladbach
Media Markt GmbH;58105797;58105797;Saturn Berlin East Side Mall
Saturn Elektro-Handels-GmbH;55237314;55237314;Saturn Berlin East Side Mall
Saturn Elektro-Handels-GmbH;54699318;54699318;Saturn Berlin East Side Mall
Saturn Elektro-Handels-GmbH;2437307;2437307;Saturn Berlin- Leipziger Platz
Saturn Elektro-Handels-GmbH;81678;81678;Saturn Berlin-Alexanderplatz
Saturn Elektro-Handels-GmbH;3091297;3091297;Saturn Berlin-Alt-Treptow
Saturn Elektro-Handels-GmbH;11573618;11573618;Saturn Berlin-Charlottenburg, Europa Center
Saturn Elektro-Handels-GmbH;17806737;17806737;Saturn Berlin-Köpenick
Saturn Elektro-Handels-GmbH;9563932;9563932;Saturn Berlin-Marzahn
Saturn Elektro-Handels-GmbH;3278064;3278064;Saturn Berlin-Reinckendorf
Saturn Elektro-Handels-GmbH;10050190;10050190;Saturn Berlin-Reinickendorf
Saturn Elektro-Handels-GmbH;9849877;9849877;Saturn Berlin-Spandau
Saturn Elektro-Handels-GmbH;4213555;4213555;Saturn Berlin-Steglitz
Saturn Elektro-Handels-GmbH;10327009;10327009;Saturn Berlin-Wedding
Saturn Elektro-Handels-GmbH;62276;62276;Saturn Bielefeld
Saturn Elektro-Handels-GmbH;12135970;12135970;Saturn Bochum
Saturn Elektro-Handels-GmbH;11267664;11267664;Saturn Braunschweig
Saturn Elektro-Handels-GmbH;64289;64289;Saturn Bremen
Saturn Elektro-Handels-GmbH;33708225;33708225;Saturn Bremen Duckwitzstr.
Saturn Elektro-Handels-GmbH;10277061;10277061;Saturn Bremen-Habenhausen
Saturn Elektro-Handels-GmbH;8496208;8496208;Saturn Bremerhaven - BSS
Saturn Elektro-Handels-GmbH;9635694;9635694;Saturn Chemnitz Röhrsdorf
Saturn Elektro-Handels-GmbH;13138165;13138165;Saturn Chemnitz Roter Turm
Saturn Elektro-Handels-GmbH;32174627;32174627;Saturn Connect Köln
Saturn Elektro-Handels-GmbH;31947873;31947873;Saturn Connect Trier
Saturn Elektro-Handels-GmbH;82903;82903;Saturn Darmstadt
Saturn Elektro-Handels-GmbH;13595830;13595830;Saturn Dessau
Saturn Elektro-Handels-GmbH;83988;83988;Saturn Dortmund
Saturn Elektro-Handels-GmbH;8355806;8355806;Saturn Dortmund-Eving
Saturn Elektro-Handels-GmbH;6048949;6048949;Saturn Dresden Altmarkt-Galerie
Saturn Elektro-Handels-GmbH;13043272;13043272;Saturn Duisburg
Saturn Elektro-Handels-GmbH;335138;335138;Saturn Düren
Saturn Elektro-Handels-GmbH;335093;335093;Saturn Düsseldorf
Saturn Elektro-Handels-GmbH;4335807;4335807;Saturn Düsseldorf Königsallee
Saturn Elektro-Handels-GmbH;4462076;4462076;Saturn Erfurt
Saturn Elektro-Handels-GmbH;11822596;11822596;Saturn Erlangen
Saturn Elektro-Handels-GmbH;3025041;3025041;Saturn Essen
Saturn Elektro-Handels-GmbH;5077386;5077386;Saturn Essen-Steele
Saturn Elektro-Handels-GmbH;13133441;13133441;Saturn Esslingen
Saturn Elektro-Handels-GmbH;10068207;10068207;Saturn Euskirchen
Saturn Elektro-Handels-GmbH;10788840;10788840;Saturn Flensburg
Saturn Elektro-Handels-GmbH;19331343;19331343;Saturn Frankfurt Skyline Plaza
Saturn Elektro-Handels-GmbH;4516211;4516211;Saturn Frankfurt Zeil
Saturn Elektro-Handels-GmbH;4218565;4218565;Saturn Freiburg Schwarzw.City ECE
Saturn Elektro-Handels-GmbH;5171450;5171450;Saturn Freising
Saturn Elektro-Handels-GmbH;71288;71288;Saturn Gelsenkirchen
Saturn Elektro-Handels-GmbH;4245163;4245163;Saturn Gelsenkirchen Buer
Saturn Elektro-Handels-GmbH;13230158;13230158;Saturn Gießen
Saturn Elektro-Handels-GmbH;5077388;5077388;Saturn Gummersbach
Saturn Elektro-Handels-GmbH;2486812;2486812;Saturn Hagen
Saturn Elektro-Handels-GmbH;1291688;1291688;Saturn Halle
Saturn Elektro-Handels-GmbH;45593923;45593923;Saturn Hamburg
Saturn Elektro-Handels-GmbH;3327579;3327579;Saturn Hamburg - Altstadt
Saturn Elektro-Handels-GmbH;14946350;14946350;Saturn Hamburg - Elbe
Saturn Elektro-Handels-GmbH;22038584;22038584;Saturn Hamburg - Norderstedt
Saturn Elektro-Handels-GmbH;8538086;8538086;Saturn Hamburg - Poppenbüttel
Saturn Elektro-Handels-GmbH;64407;64407;Saturn Hamm
Saturn Elektro-Handels-GmbH;7801574;7801574;Saturn Hanau
Saturn Elektro-Handels-GmbH;64406;64406;Saturn Hannover
Saturn Elektro-Handels-GmbH;13533963;13533963;Saturn Hattingen
Saturn Elektro-Handels-GmbH;15392734;15392734;Saturn Heidelberg
Saturn Elektro-Handels-GmbH;23107777;23107777;Saturn Hennef
Saturn Elektro-Handels-GmbH;5667547;5667547;Saturn Hilden
Saturn Elektro-Handels-GmbH;17248975;17248975;Saturn Hildesheim
Saturn Elektro-Handels-GmbH;4356183;4356183;Saturn Hürth
Saturn Elektro-Handels-GmbH;3343622;3343622;Saturn Ingolstadt
Saturn Elektro-Handels-GmbH;5088753;5088753;Saturn Iserlohn
Saturn Elektro-Handels-GmbH;4286978;4286978;Saturn Isernhagen
Saturn Elektro-Handels-GmbH;18074745;18074745;Saturn Jena
Saturn Elektro-Handels-GmbH;8533077;8533077;Saturn Kaiserslautern
Saturn Elektro-Handels-GmbH;5066390;5066390;Saturn Karlsruhe
Saturn Elektro-Handels-GmbH;13222566;13222566;Saturn Karlsruhe-Durlach
Saturn Elektro-Handels-GmbH;5446437;5446437;Saturn Kassel
Saturn Elektro-Handels-GmbH;7843969;7843969;Saturn Kempten
Saturn Elektro-Handels-GmbH;14882467;14882467;Saturn Kerpen
Saturn Elektro-Handels-GmbH;18117079;18117079;Saturn Kiel
Saturn Elektro-Handels-GmbH;7307581;7307581;Saturn Kleve
Saturn Elektro-Handels-GmbH;1995269;1995269;Saturn Koblenz
Saturn Elektro-Handels-GmbH;10761278;10761278;Saturn Koblenz II
Saturn Elektro-Handels-GmbH;315951;315951;Saturn Köln Am Hansaring
Saturn Elektro-Handels-GmbH;7342264;7342264;Saturn Köln Porz
Saturn Elektro-Handels-GmbH;407056;407056;Saturn Köln/Hohe Strasse
Saturn Elektro-Handels-GmbH;7247933;7247933;Saturn Krefeld
Media Markt GmbH;4278513;4278513;Saturn Landshut
Saturn Elektro-Handels-GmbH;14663487;14663487;Saturn Landshut
Saturn Elektro-Handels-GmbH;1727703;1727703;Saturn Leipzig Hauptbahnhof
Saturn Elektro-Handels-GmbH;5088713;5088713;Saturn Leipzig/Allee-Center
Saturn Elektro-Handels-GmbH;3025039;3025039;Saturn Leonberg
Saturn Elektro-Handels-GmbH;79383;79383;Saturn Leverkusen
Saturn Elektro-Handels-GmbH;7353232;7353232;Saturn Lübeck
Saturn Elektro-Handels-GmbH;22025038;22025038;Saturn Lübeck – Dänischburg
Saturn Elektro-Handels-GmbH;202101;202101;Saturn Lüdenscheid Stern-Center
Saturn Elektro-Handels-GmbH;2830929;2830929;Saturn Ludwigsburg
Saturn Elektro-Handels-GmbH;8496209;8496209;Saturn Ludwigshafen
Saturn Elektro-Handels-GmbH;5427149;5427149;Saturn Lünen
Saturn Elektro-Handels-GmbH;2435047;2435047;Saturn Magdeburg
Saturn Elektro-Handels-GmbH;66798;66798;Saturn Mainz
Saturn Elektro-Handels-GmbH;5435517;5435517;Saturn Mannheim
Saturn Elektro-Handels-GmbH;11962346;11962346;Saturn Marl
Saturn Elektro-Handels-GmbH;6861078;6861078;Saturn Moers
Saturn Elektro-Handels-GmbH;335099;335099;Saturn Mönchengladbach - Stresemannstraße
Saturn Elektro-Handels-GmbH;3001451;3001451;Saturn Mühlheim RheinRuhrZentrum
Media Markt GmbH;58141003;58141003;Saturn Müllheim
Saturn Elektro-Handels-GmbH;54699317;54699317;Saturn Müllheim
Saturn Elektro-Handels-GmbH;45807289;45807289;Saturn Müllheim
Saturn Elektro-Handels-GmbH;4686663;4686663;Saturn München IV
Saturn Elektro-Handels-GmbH;7784664;7784664;Saturn München Riem
Saturn Elektro-Handels-GmbH;14843983;14843983;Saturn München Theresienhöhe
Saturn Elektro-Handels-GmbH;65433;65433;Saturn München/OEZ
Saturn Elektro-Handels-GmbH;5088716;5088716;Saturn München/PEP
Saturn Elektro-Handels-GmbH;10768654;10768654;Saturn Münster 2 Arkaden
Saturn Elektro-Handels-GmbH;7994374;7994374;Saturn Münster am York-Ring
Saturn Elektro-Handels-GmbH;10675854;10675854;Saturn Neckarsulm
Saturn Elektro-Handels-GmbH;5619660;5619660;Saturn Neu-Isenburg
Saturn Elektro-Handels-GmbH;335101;335101;Saturn Neuss
Saturn Elektro-Handels-GmbH;398886;398886;Saturn Nürnberg
Saturn Elektro-Handels-GmbH;8459022;8459022;Saturn Oberhausen
Saturn Elektro-Handels-GmbH;25174924;25174924;Saturn Offenbach 2
Saturn Elektro-Handels-GmbH;8496207;8496207;Saturn Oldenburg
Saturn Elektro-Handels-GmbH;8384510;8384510;Saturn Osnabrück
Saturn Elektro-Handels-GmbH;19448653;19448653;Saturn Paderborn
Saturn Elektro-Handels-GmbH;13060564;13060564;Saturn Passau
Saturn Elektro-Handels-GmbH;2521007;2521007;Saturn Pforzheim
Saturn Elektro-Handels-GmbH;20741026;20741026;Saturn Potsdam
Saturn Elektro-Handels-GmbH;7320994;7320994;Saturn Regensburg
Saturn Elektro-Handels-GmbH;801197;801197;Saturn Remscheid
Saturn Elektro-Handels-GmbH;2867966;2867966;Saturn Reutlingen
Saturn Elektro-Handels-GmbH;6100372;6100372;Saturn Rostock
Saturn Elektro-Handels-GmbH;8535944;8535944;Saturn Saarbrücken
Saturn Elektro-Handels-GmbH;3410784;3410784;Saturn Schweinfurt Schrammstraße
Saturn Elektro-Handels-GmbH;4081720;4081720;Saturn Siegburg
Saturn Elektro-Handels-GmbH;2483728;2483728;Saturn Siegen
Media Markt GmbH;16310952;16310952;Saturn Siegen
Saturn Elektro-Handels-GmbH;3295547;3295547;Saturn Solingen
Saturn Elektro-Handels-GmbH;335146;335146;Saturn St. Augustin
Saturn Elektro-Handels-GmbH;10101883;10101883;Saturn Stuttgart
Saturn Elektro-Handels-GmbH;42342386;42342386;Saturn Stuttgart-Hbf
Media Markt GmbH;4259915;4259915;Saturn Stuttgart-Hbf
Saturn Elektro-Handels-GmbH;203553;203553;Saturn Trier
Saturn Elektro-Handels-GmbH;20343163;20343163;Saturn Troisdorf
Saturn Elektro-Handels-GmbH;7307566;7307566;Saturn Tübingen
Media Markt GmbH;2991474;2991474;Media Markt Webshop
Saturn Elektro-Handels-GmbH;20726134;20726134;Saturn Webshop
Saturn Elektro-Handels-GmbH;40302433;40302433;Saturn Webshop
Saturn Elektro-Handels-GmbH;9687560;9687560;Saturn Weimar
Saturn Elektro-Handels-GmbH;14049319;14049319;Saturn Weiterstadt
Saturn Elektro-Handels-GmbH;7320958;7320958;Saturn Wesel
Saturn Elektro-Handels-GmbH;17237079;17237079;Saturn Wiesbaden
Saturn Elektro-Handels-GmbH;11267751;11267751;Saturn Wiesbaden Bahnhofsplatz
Saturn Elektro-Handels-GmbH;4715327;4715327;Saturn Witten
Saturn Elektro-Handels-GmbH;5491417;5491417;Saturn Wolfsburg City Galerie
Saturn Elektro-Handels-GmbH;67518;67518;Saturn Wuppertal-Elberfeld
Saturn Elektro-Handels-GmbH;8142415;8142415;Saturn Zwickau
Saturn Elektro-Handels-GmbH;13043273;13043273;Saturn-Berlin Clayallee
Media Markt GmbH;87789427;87789427;Antalya
